{"cameraMode":{"drawMode":0,"name":"Shaded","section":"Shading Mode"},"sceneLighting":true,"audioPlay":false,"sceneViewState":{"m_AlwaysRefresh":false,"showFog":true,"showSkybox":true,"showFlares":true,"showImageEffects":true,"showParticleSystems":true,"showVisualEffectGraphs":true,"m_FxEnabled":true},"in2DMode":false,"pivot":{"x":16.831825256347658,"y":10.942985534667969,"z":-18.53150749206543},"rotation":{"x":0.1309988647699356,"y":-0.01784299500286579,"z":0.0023578533437103035,"w":0.9912135601043701},"size":17.7773380279541,"orthographic":true}