{"cameraMode":{"drawMode":0,"name":"Shaded","section":"Shading Mode"},"sceneLighting":true,"audioPlay":false,"sceneViewState":{"m_AlwaysRefresh":false,"showFog":true,"showSkybox":true,"showFlares":true,"showImageEffects":true,"showParticleSystems":true,"showVisualEffectGraphs":true,"m_FxEnabled":true},"in2DMode":false,"pivot":{"x":3.7674243450164797,"y":15.094084739685059,"z":-0.5714046955108643},"rotation":{"x":0.25115594267845156,"y":-0.08986307680606842,"z":0.023425046354532243,"w":0.9634815454483032},"size":3.6481590270996095,"orthographic":true}