{"cameraMode":{"drawMode":0,"name":"Shaded","section":"Shading Mode"},"sceneLighting":true,"audioPlay":false,"sceneViewState":{"m_AlwaysRefresh":false,"showFog":true,"showSkybox":true,"showFlares":true,"showImageEffects":true,"showParticleSystems":true,"showVisualEffectGraphs":true,"m_FxEnabled":true},"in2DMode":false,"pivot":{"x":20.91110610961914,"y":23.63497543334961,"z":-13.034698486328125},"rotation":{"x":0.1351298689842224,"y":-0.07127276808023453,"z":0.009746531955897808,"w":0.9882060885429382},"size":14.885695457458496,"orthographic":true}