{"cameraMode":{"drawMode":0,"name":"Shaded","section":"Shading Mode"},"sceneLighting":true,"audioPlay":false,"sceneViewState":{"m_AlwaysRefresh":false,"showFog":true,"showSkybox":true,"showFlares":true,"showImageEffects":true,"showParticleSystems":true,"showVisualEffectGraphs":true,"m_FxEnabled":true},"in2DMode":false,"pivot":{"x":17.740360260009767,"y":12.003440856933594,"z":-1.869816541671753},"rotation":{"x":0.2406039983034134,"y":0.01019243523478508,"z":-0.0025275228545069696,"w":0.9705682992935181},"size":13.954215049743653,"orthographic":true}