{"cameraMode":{"drawMode":0,"name":"Shaded","section":"Shading Mode"},"sceneLighting":true,"audioPlay":false,"sceneViewState":{"m_AlwaysRefresh":false,"showFog":true,"showSkybox":true,"showFlares":true,"showImageEffects":true,"showParticleSystems":true,"showVisualEffectGraphs":true,"m_FxEnabled":true},"in2DMode":false,"pivot":{"x":13.92462158203125,"y":15.975821495056153,"z":3.7426328659057619},"rotation":{"x":0.03893515095114708,"y":0.05303695797920227,"z":-0.0020695291459560396,"w":0.9978305697441101},"size":11.358894348144532,"orthographic":true}