{"cameraMode":{"drawMode":0,"name":"Shaded","section":"Shading Mode"},"sceneLighting":true,"audioPlay":false,"sceneViewState":{"m_AlwaysRefresh":false,"showFog":true,"showSkybox":true,"showFlares":true,"showImageEffects":true,"showParticleSystems":true,"showVisualEffectGraphs":true,"m_FxEnabled":true},"in2DMode":false,"pivot":{"x":72.18301391601563,"y":13.52688980102539,"z":82.86997985839844},"rotation":{"x":0.03292271867394447,"y":0.06591714173555374,"z":-0.002175619127228856,"w":0.9972784519195557},"size":48.33097839355469,"orthographic":false}