{"cameraMode":{"drawMode":0,"name":"Shaded","section":"Shading Mode"},"sceneLighting":true,"audioPlay":false,"sceneViewState":{"m_AlwaysRefresh":false,"showFog":true,"showSkybox":true,"showFlares":true,"showImageEffects":true,"showParticleSystems":true,"showVisualEffectGraphs":true,"m_FxEnabled":true},"in2DMode":false,"pivot":{"x":12.761157989501954,"y":26.442886352539064,"z":-26.76226043701172},"rotation":{"x":0.3061392307281494,"y":0.038541749119758609,"z":-0.01240506675094366,"w":0.9511270523071289},"size":9.295794486999512,"orthographic":true}